{"cameraMode":{"drawMode":0,"name":"Shaded","section":"Shading Mode"},"sceneLighting":true,"audioPlay":false,"sceneViewState":{"showFog":true,"showMaterialUpdate":false,"showSkybox":true,"showFlares":true,"showImageEffects":true,"showParticleSystems":true},"in2DMode":false,"pivot":{"x":385.2907409667969,"y":322.6183776855469,"z":422.3551330566406},"rotation":{"x":-0.10685140639543534,"y":-0.22087913751602174,"z":0.024353602901101114,"w":-0.969124436378479},"size":64.80826568603516,"orthographic":false}