{"cameraMode":{"drawMode":0,"name":"Shaded","section":"Shading Mode"},"sceneLighting":true,"audioPlay":false,"sceneViewState":{"showFog":true,"showMaterialUpdate":false,"showSkybox":true,"showFlares":true,"showImageEffects":true,"showParticleSystems":true},"in2DMode":false,"pivot":{"x":472.21630859375,"y":147.71820068359376,"z":518.0048828125},"rotation":{"x":-0.27062132954597475,"y":-0.5163995027542114,"z":0.17620112001895905,"w":-0.7931259870529175},"size":200.0518798828125,"orthographic":false}