{"cameraMode":{"drawMode":0,"name":"Shaded","section":"Shading Mode"},"sceneLighting":true,"audioPlay":false,"sceneViewState":{"showFog":true,"showMaterialUpdate":false,"showSkybox":true,"showFlares":true,"showImageEffects":true,"showParticleSystems":true},"in2DMode":false,"pivot":{"x":440.2859802246094,"y":335.83856201171877,"z":302.4615478515625},"rotation":{"x":0.05252428725361824,"y":-0.9358750581741333,"z":-0.15841278433799745,"w":-0.31029751896858218},"size":200.0518798828125,"orthographic":false}